<?xml version="1.0" encoding="utf-8"?>
<addon id="plugin.video.TPP" version="1.0.0" name="The Pirate Player" provider-name="FBI xd">
  <requires>
    <import addon="script.module.routing"/>
    <import addon="script.module.requests"/>
    <import addon="script.module.parrot" version="1.0.0"/>
  </requires>
  <extension point="xbmc.python.pluginsource" library="addon.py">
    <provides>video</provides>
  </extension>
  <extension point="xbmc.addon.metadata">
    <summary>Using The Pirate Player API watch movies and tv shows</summary>
    <description>Plat movies, tv shows using The Pirate Player's api</description>
    <disclaimer>All legal stiff is in The Pirate Player.</disclaimer>
    <assets>
      <icon>resources/img/icon.png</icon>
      <fanart>resources/img/fanart1.jpg</fanart>
    </assets>
  </extension>
</addon>
